<botcomponent_connectionreferenceset>
  <botcomponent_connectionreference botcomponentid.schemaname="Default_bcAgent.component.Dynamics365BusinessCentral-CreaterecordV3" connectionreferenceid.connectionreferencelogicalname="Default_bcAgent.shared_dynamicssmbsaas.shared-dynamicssmbsa-a2217bc9-674b-4b97-849f-83a22719dc9c">
    <iscustomizable>1</iscustomizable>
  </botcomponent_connectionreference>
  <botcomponent_connectionreference botcomponentid.schemaname="Default_bcAgent.component.Dynamics365BusinessCentral-FindrecordsV3" connectionreferenceid.connectionreferencelogicalname="Default_bcAgent.shared_dynamicssmbsaas.shared-dynamicssmbsa-a2217bc9-674b-4b97-849f-83a22719dc9c">
    <iscustomizable>1</iscustomizable>
  </botcomponent_connectionreference>
  <botcomponent_connectionreference botcomponentid.schemaname="Default_bcAgent.component.Dynamics365BusinessCentral-ListcompaniesV3" connectionreferenceid.connectionreferencelogicalname="Default_bcAgent.shared_dynamicssmbsaas.shared-dynamicssmbsa-a2217bc9-674b-4b97-849f-83a22719dc9c">
    <iscustomizable>1</iscustomizable>
  </botcomponent_connectionreference>
</botcomponent_connectionreferenceset>