<ImportExportXml xmlns:xsi="http://www.w3.org/2001/XMLSchema-instance" OrganizationVersion="9.2.25034.226" OrganizationSchemaType="Standard" CRMServerServiceabilityVersion="9.2.25035.00244">
  <Entities></Entities>
  <Roles></Roles>
  <Workflows></Workflows>
  <FieldSecurityProfiles></FieldSecurityProfiles>
  <Templates />
  <EntityMaps />
  <EntityRelationships />
  <OrganizationSettings />
  <optionsets />
  <CustomControls />
  <EntityDataProviders />
  <connectionreferences>
    <connectionreference connectionreferencelogicalname="Default_bcAgent.shared_dynamicssmbsaas.shared-dynamicssmbsa-a2217bc9-674b-4b97-849f-83a22719dc9c">
      <connectionreferencedisplayname>Default_bcAgent.shared_dynamicssmbsaas.shared-dynamicssmbsa-a2217bc9-674b-4b97-849f-83a22719dc9c</connectionreferencedisplayname>
      <connectorid>/providers/Microsoft.PowerApps/apis/shared_dynamicssmbsaas</connectorid>
      <iscustomizable>0</iscustomizable>
      <promptingbehavior>0</promptingbehavior>
      <statecode>0</statecode>
      <statuscode>1</statuscode>
    </connectionreference>
  </connectionreferences>
  <Languages>
    <Language>1033</Language>
  </Languages>
</ImportExportXml>